Name,Points,Time,Error,Timestamp
Reference,1000,0.0000486400,0.0093023059,2025-11-06 03:28:52
Reference,10000,0.0003200520,0.0026976941,2025-11-06 03:28:52
Reference,100000,0.0031144620,0.0015723059,2025-11-06 03:28:52
Reference,1000000,0.0309836540,0.0001283059,2025-11-06 03:28:52
Reference,10000000,0.3087930070,0.0001449059,2025-11-06 03:28:52
Reference,100000000,3.0843785710,0.0000141459,2025-11-06 03:28:52
Reference,1000000000,30.6695342200,0.0000175491,2025-11-06 03:28:52
Reference,1000,0.0000489900,0.0243023059,2025-11-06 03:31:55
Reference,10000,0.0003022220,0.0010976941,2025-11-06 03:31:55
Reference,100000,0.0029223410,0.0000376941,2025-11-06 03:31:55
Reference,1000000,0.0290507990,0.0002803059,2025-11-06 03:31:55
Reference,10000000,0.2905322950,0.0001810059,2025-11-06 03:31:55
Reference,100000000,2.9013023610,0.0000145341,2025-11-06 03:31:55
Reference,1000000000,29.0042755020,0.0000128071,2025-11-06 03:31:55
Reference,1000,0.0000475000,0.0033023059,2025-11-06 03:34:58
Reference,10000,0.0002935120,0.0086023059,2025-11-06 03:34:58
Reference,100000,0.0029242210,0.0010476941,2025-11-06 03:34:58
Reference,1000000,0.0290436300,0.0005473059,2025-11-06 03:34:58
Reference,10000000,0.2901443420,0.0002157941,2025-11-06 03:34:58
Reference,100000000,2.9020498870,0.0000212759,2025-11-06 03:34:58
Reference,1000000000,29.0146209660,0.0000171189,2025-11-06 03:34:58
Reference,1000,0.0000474700,0.0123023059,2025-11-06 03:38:01
Reference,10000,0.0003017720,0.0036976941,2025-11-06 03:38:01
Reference,100000,0.0029147610,0.0007523059,2025-11-06 03:38:01
Reference,1000000,0.0290533500,0.0006186941,2025-11-06 03:38:01
Reference,10000000,0.2901046820,0.0000160941,2025-11-06 03:38:01
Reference,100000000,2.9014789330,0.0000151241,2025-11-06 03:38:01
Reference,1000000000,29.0194524010,0.0000086919,2025-11-06 03:38:01
Reference,1000,0.0000584100,0.0123023059,2025-11-06 03:41:04
Reference,10000,0.0002926820,0.0099023059,2025-11-06 03:41:04
Reference,100000,0.0029210110,0.0005576941,2025-11-06 03:41:04
Reference,1000000,0.0290420610,0.0005913059,2025-11-06 03:41:04
Reference,10000000,0.2906346470,0.0000921941,2025-11-06 03:41:04
Reference,100000000,2.9009560290,0.0000473041,2025-11-06 03:41:04
Reference,1000000000,29.0080280890,0.0000020351,2025-11-06 03:41:04
Reference,1000,0.0000440210,0.0166976941,2025-11-06 03:44:07
Reference,10000,0.0002940020,0.0048976941,2025-11-06 03:44:07
Reference,100000,0.0029269920,0.0009423059,2025-11-06 03:44:07
Reference,1000000,0.0290780600,0.0001736941,2025-11-06 03:44:07
Reference,10000000,0.2901292830,0.0001794059,2025-11-06 03:44:07
Reference,100000000,2.9019658560,0.0000042741,2025-11-06 03:44:07
Reference,1000000000,29.0098788130,0.0000334531,2025-11-06 03:44:07
Reference,1000,0.0000464500,0.0133023059,2025-11-06 03:47:10
Reference,10000,0.0002921920,0.0008976941,2025-11-06 03:47:10
Reference,100000,0.0029240610,0.0019923059,2025-11-06 03:47:10
Reference,1000000,0.0291341010,0.0001243059,2025-11-06 03:47:10
Reference,10000000,0.2903719450,0.0000999941,2025-11-06 03:47:10
Reference,100000000,2.9038226090,0.0000111741,2025-11-06 03:47:10
Reference,1000000000,29.0375299570,0.0000124411,2025-11-06 03:47:10
Reference,1000,0.0000476100,0.0153023059,2025-11-06 03:50:13
Reference,10000,0.0002922820,0.0026976941,2025-11-06 03:50:13
Reference,100000,0.0029149410,0.0018323059,2025-11-06 03:50:13
Reference,1000000,0.0290351310,0.0000756941,2025-11-06 03:50:13
Reference,10000000,0.2899847720,0.0002343059,2025-11-06 03:50:13
Reference,100000000,2.9000237650,0.0000714641,2025-11-06 03:50:13
Reference,1000000000,28.9872173680,0.0000051011,2025-11-06 03:50:13
Reference,1000,0.0000432800,0.0106976941,2025-11-06 03:53:16
Reference,10000,0.0002928820,0.0053023059,2025-11-06 03:53:16
Reference,100000,0.0029343110,0.0023023059,2025-11-06 03:53:16
Reference,1000000,0.0290558200,0.0001766941,2025-11-06 03:53:16
Reference,10000000,0.2904607520,0.0000003059,2025-11-06 03:53:16
Reference,100000000,2.9019600680,0.0000541659,2025-11-06 03:53:16
Reference,1000000000,29.0134974020,0.0000049689,2025-11-06 03:53:16
Reference,1000,0.0000442700,0.0006976941,2025-11-06 03:56:19
Reference,10000,0.0002936420,0.0004023059,2025-11-06 03:56:19
Reference,100000,0.0029184010,0.0027423059,2025-11-06 03:56:19
Reference,1000000,0.0291527100,0.0002756941,2025-11-06 03:56:19
Reference,10000000,0.2900827100,0.0001299059,2025-11-06 03:56:19
Reference,100000000,2.9013688030,0.0000083059,2025-11-06 03:56:19
Reference,1000000000,29.0065754130,0.0000383021,2025-11-06 03:56:19
ROCm (hiprand unoptimized),1000,0.0263039010,0.0273023059,2025-11-06 08:32:31
ROCm (hiprand unoptimized),10000,0.0337600590,0.0068976941,2025-11-06 08:32:31
ROCm (hiprand unoptimized),100000,0.0569529060,0.0024376941,2025-11-06 08:32:31
ROCm (hiprand unoptimized),1000000,0.4324528300,0.0006703059,2025-11-06 08:32:31
ROCm (hiprand unoptimized),10000000,4.4617935930,0.0001405941,2025-11-06 08:32:31
ROCm (hiprand unoptimized),100000000,49.8630895880,0.0001000541,2025-11-06 08:32:31
ROCm (hiprand unoptimized),1000000000,559.7046447180,0.0000170389,2025-11-06 08:32:31
ROCm (rocrand unoptimized),1000,0.0002336520,0.0073023059,2025-11-06 08:32:31
ROCm (rocrand unoptimized),10000,0.0002666920,0.0018976941,2025-11-06 08:32:31
ROCm (rocrand unoptimized),100000,0.0007597860,0.0038876941,2025-11-06 08:32:31
ROCm (rocrand unoptimized),1000000,0.0064018220,0.0008396941,2025-11-06 08:32:31
ROCm (rocrand unoptimized),10000000,0.0490133700,0.0000607059,2025-11-06 08:32:31
ROCm (rocrand unoptimized),100000000,0.4863181380,0.0000212859,2025-11-06 08:32:31
ROCm (rocrand unoptimized),1000000000,4.8183094460,0.0000144569,2025-11-06 08:32:31
ROCm (hiprand unoptimized),1000,0.0269662270,0.0113023059,2025-11-06 08:45:39
ROCm (hiprand unoptimized),10000,0.0354415150,0.0016976941,2025-11-06 08:45:39
ROCm (hiprand unoptimized),100000,0.0573629020,0.0000223059,2025-11-06 08:45:39
ROCm (hiprand unoptimized),1000000,0.4350683840,0.0009363059,2025-11-06 08:45:39
ROCm (hiprand unoptimized),10000000,4.4787995280,0.0000197059,2025-11-06 08:45:39
ROCm (hiprand unoptimized),100000000,49.9835460020,0.0000413659,2025-11-06 08:45:39
ROCm (hiprand unoptimized),1000000000,559.7117407590,0.0000058489,2025-11-06 08:45:39
ROCm (rocrand unoptimized),1000,0.0002349920,0.0123023059,2025-11-06 08:45:39
ROCm (rocrand unoptimized),10000,0.0002610530,0.0040023059,2025-11-06 08:45:39
ROCm (rocrand unoptimized),100000,0.0007517060,0.0002823059,2025-11-06 08:45:39
ROCm (rocrand unoptimized),1000000,0.0063774220,0.0001416941,2025-11-06 08:45:39
ROCm (rocrand unoptimized),10000000,0.0491635870,0.0001841941,2025-11-06 08:45:39
ROCm (rocrand unoptimized),100000000,0.4858681310,0.0000235241,2025-11-06 08:45:39
ROCm (rocrand unoptimized),1000000000,4.9104230910,0.0000211581,2025-11-06 08:45:39
ROCm (hiprand unoptimized),1000,0.0270844740,0.0176976941,2025-11-06 08:58:48
ROCm (hiprand unoptimized),10000,0.0343789570,0.0016023059,2025-11-06 08:58:48
ROCm (hiprand unoptimized),100000,0.0568450710,0.0006023059,2025-11-06 08:58:48
ROCm (hiprand unoptimized),1000000,0.4289994410,0.0006063059,2025-11-06 08:58:48
ROCm (hiprand unoptimized),10000000,4.4893891170,0.0000999941,2025-11-06 08:58:48
ROCm (hiprand unoptimized),100000000,50.0322828200,0.0000516759,2025-11-06 08:58:48
ROCm (hiprand unoptimized),1000000000,560.2022587530,0.0000126529,2025-11-06 08:58:48
ROCm (rocrand unoptimized),1000,0.0002346720,0.0016976941,2025-11-06 08:58:48
ROCm (rocrand unoptimized),10000,0.0002643930,0.0069023059,2025-11-06 08:58:48
ROCm (rocrand unoptimized),100000,0.0007469960,0.0018023059,2025-11-06 08:58:48
ROCm (rocrand unoptimized),1000000,0.0063889020,0.0005193059,2025-11-06 08:58:48
ROCm (rocrand unoptimized),10000000,0.0486191330,0.0000000059,2025-11-06 08:58:48
ROCm (rocrand unoptimized),100000000,0.4732250950,0.0000149941,2025-11-06 08:58:48
ROCm (rocrand unoptimized),1000000000,4.8879734900,0.0000092051,2025-11-06 08:58:48
ROCm (hiprand unoptimized),1000,0.0260890820,0.0093023059,2025-11-06 09:11:59
ROCm (hiprand unoptimized),10000,0.0338755850,0.0018976941,2025-11-06 09:11:59
ROCm (hiprand unoptimized),100000,0.0551779780,0.0013123059,2025-11-06 09:11:59
ROCm (hiprand unoptimized),1000000,0.4318917020,0.0009613059,2025-11-06 09:11:59
ROCm (hiprand unoptimized),10000000,4.4918261160,0.0001465059,2025-11-06 09:11:59
ROCm (hiprand unoptimized),100000000,50.0342042060,0.0000162059,2025-11-06 09:11:59
ROCm (hiprand unoptimized),1000000000,560.6606403120,0.0000042081,2025-11-06 09:11:59
ROCm (rocrand unoptimized),1000,0.0002335210,0.0026976941,2025-11-06 09:11:59
ROCm (rocrand unoptimized),10000,0.0002628920,0.0089976941,2025-11-06 09:11:59
ROCm (rocrand unoptimized),100000,0.0007727670,0.0018223059,2025-11-06 09:11:59
ROCm (rocrand unoptimized),1000000,0.0063532820,0.0005153059,2025-11-06 09:11:59
ROCm (rocrand unoptimized),10000000,0.0493792850,0.0000420059,2025-11-06 09:11:59
ROCm (rocrand unoptimized),100000000,0.5003620340,0.0000136841,2025-11-06 09:11:59
ROCm (rocrand unoptimized),1000000000,4.9856919800,0.0000372209,2025-11-06 09:11:59
ROCm (hiprand unoptimized),1000,0.0269906700,0.0046976941,2025-11-06 09:25:06
ROCm (hiprand unoptimized),10000,0.0345124150,0.0055976941,2025-11-06 09:25:06
ROCm (hiprand unoptimized),100000,0.0566064030,0.0015823059,2025-11-06 09:25:06
ROCm (hiprand unoptimized),1000000,0.4327802510,0.0009123059,2025-11-06 09:25:06
ROCm (hiprand unoptimized),10000000,4.4824153530,0.0000916941,2025-11-06 09:25:06
ROCm (hiprand unoptimized),100000000,49.8667473910,0.0000568541,2025-11-06 09:25:06
ROCm (hiprand unoptimized),1000000000,558.6167923320,0.0000154309,2025-11-06 09:25:06
ROCm (rocrand unoptimized),1000,0.0002347020,0.0113023059,2025-11-06 09:25:06
ROCm (rocrand unoptimized),10000,0.0002457820,0.0005023059,2025-11-06 09:25:06
ROCm (rocrand unoptimized),100000,0.0007424560,0.0020376941,2025-11-06 09:25:06
ROCm (rocrand unoptimized),1000000,0.0064222510,0.0001226941,2025-11-06 09:25:06
ROCm (rocrand unoptimized),10000000,0.0494641490,0.0000794941,2025-11-06 09:25:06
ROCm (rocrand unoptimized),100000000,0.5013775330,0.0000486941,2025-11-06 09:25:06
ROCm (rocrand unoptimized),1000000000,4.9859660280,0.0000098301,2025-11-06 09:25:06
ROCm (hiprand unoptimized),10000,0.0335666000,0.0042023059,2025-11-06 10:44:26
ROCm (hiprand unoptimized),1000,0.0270432730,0.0253023059,2025-11-06 10:44:26
ROCm (hiprand unoptimized),100000,0.0563735630,0.0002123059,2025-11-06 10:44:26
ROCm (hiprand unoptimized),1000000,0.4344740690,0.0005173059,2025-11-06 10:44:26
ROCm (hiprand unoptimized),10000000,4.4539091710,0.0000604941,2025-11-06 10:44:26
ROCm (hiprand unoptimized),100000000,49.7848804150,0.0000182641,2025-11-06 10:44:26
ROCm (hiprand unoptimized),1000000000,560.6771010420,0.0000289341,2025-11-06 10:44:26
ROCm (rocrand unoptimized),1000,0.0002339230,0.0126976941,2025-11-06 10:44:26
ROCm (rocrand unoptimized),10000,0.0002625930,0.0016976941,2025-11-06 10:44:26
ROCm (rocrand unoptimized),100000,0.0007588580,0.0016676941,2025-11-06 10:44:26
ROCm (rocrand unoptimized),1000000,0.0062594200,0.0005566941,2025-11-06 10:44:26
ROCm (rocrand unoptimized),10000000,0.0500312600,0.0001184941,2025-11-06 10:44:26
ROCm (rocrand unoptimized),100000000,0.4891233070,0.0000408641,2025-11-06 10:44:26
ROCm (rocrand unoptimized),1000000000,5.0469737330,0.0000238401,2025-11-06 10:44:26
ROCm (hiprand unoptimized),1000,0.0273330660,0.0023023059,2025-11-06 10:55:01
ROCm (hiprand unoptimized),10000,0.0351836830,0.0063023059,2025-11-06 10:55:01
ROCm (hiprand unoptimized),100000,0.0557327030,0.0012723059,2025-11-06 10:55:01
ROCm (hiprand unoptimized),1000000,0.4373360980,0.0003183059,2025-11-06 10:55:01
ROCm (hiprand unoptimized),10000000,4.5148923060,0.0001760941,2025-11-06 10:55:01
ROCm (hiprand unoptimized),100000000,50.0663777580,0.0000144159,2025-11-06 10:55:01
ROCm (hiprand unoptimized),1000000000,557.1251019790,0.0000075319,2025-11-06 10:55:01
ROCm (rocrand unoptimized),1000,0.0002305620,0.0006976941,2025-11-06 10:55:01
ROCm (rocrand unoptimized),10000,0.0002580620,0.0032976941,2025-11-06 10:55:01
ROCm (rocrand unoptimized),100000,0.0007759670,0.0009823059,2025-11-06 10:55:01
ROCm (rocrand unoptimized),1000000,0.0063216820,0.0013663059,2025-11-06 10:55:01
ROCm (rocrand unoptimized),10000000,0.0499643920,0.0002141059,2025-11-06 10:55:01
ROCm (rocrand unoptimized),100000000,0.4965668410,0.0000540959,2025-11-06 10:55:01
ROCm (rocrand unoptimized),1000000000,4.9923944180,0.0000159771,2025-11-06 10:55:01
ROCm (hiprand unoptimized),1000,0.0272494980,0.0113023059,2025-11-06 11:05:40
ROCm (hiprand unoptimized),10000,0.0357285900,0.0011023059,2025-11-06 11:05:40
ROCm (hiprand unoptimized),100000,0.0572036660,0.0001223059,2025-11-06 11:05:40
ROCm (hiprand unoptimized),1000000,0.4337521280,0.0010653059,2025-11-06 11:05:40
ROCm (hiprand unoptimized),10000000,4.5368928520,0.0002401059,2025-11-06 11:05:40
ROCm (hiprand unoptimized),100000000,50.3228190070,0.0000514859,2025-11-06 11:05:40
ROCm (hiprand unoptimized),1000000000,559.6437595970,0.0000114331,2025-11-06 11:05:40
ROCm (rocrand unoptimized),1000,0.0002331020,0.0103023059,2025-11-06 11:05:40
ROCm (rocrand unoptimized),10000,0.0002542620,0.0027976941,2025-11-06 11:05:40
ROCm (rocrand unoptimized),100000,0.0007516660,0.0012776941,2025-11-06 11:05:40
ROCm (rocrand unoptimized),1000000,0.0062758110,0.0003146941,2025-11-06 11:05:40
ROCm (rocrand unoptimized),10000000,0.0485956790,0.0001307941,2025-11-06 11:05:40
ROCm (rocrand unoptimized),100000000,0.4812039090,0.0000505241,2025-11-06 11:05:40
ROCm (rocrand unoptimized),1000000000,4.9162986840,0.0000113721,2025-11-06 11:05:40
ROCm (hiprand unoptimized),1000,0.0271417030,0.0233023059,2025-11-06 11:16:15
ROCm (hiprand unoptimized),10000,0.0355310410,0.0030023059,2025-11-06 11:16:15
ROCm (hiprand unoptimized),100000,0.0560555000,0.0034423059,2025-11-06 11:16:15
ROCm (hiprand unoptimized),1000000,0.4270632950,0.0000246941,2025-11-06 11:16:15
ROCm (hiprand unoptimized),10000000,4.5214594740,0.0000446941,2025-11-06 11:16:15
ROCm (hiprand unoptimized),100000000,50.0952242910,0.0000265041,2025-11-06 11:16:15
ROCm (hiprand unoptimized),1000000000,557.1115589090,0.0000161671,2025-11-06 11:16:15
ROCm (rocrand unoptimized),1000,0.0002374620,0.0023023059,2025-11-06 11:16:15
ROCm (rocrand unoptimized),10000,0.0002536520,0.0036023059,2025-11-06 11:16:15
ROCm (rocrand unoptimized),100000,0.0007587660,0.0003876941,2025-11-06 11:16:15
ROCm (rocrand unoptimized),1000000,0.0064487530,0.0005633059,2025-11-06 11:16:15
ROCm (rocrand unoptimized),10000000,0.0492704850,0.0002425059,2025-11-06 11:16:15
ROCm (rocrand unoptimized),100000000,0.4827243910,0.0000684959,2025-11-06 11:16:15
ROCm (rocrand unoptimized),1000000000,4.9590062130,0.0000036841,2025-11-06 11:16:15
ROCm (hiprand unoptimized),1000,0.0275609360,0.0013023059,2025-11-06 11:26:52
ROCm (hiprand unoptimized),10000,0.0354377810,0.0013023059,2025-11-06 11:26:52
ROCm (hiprand unoptimized),100000,0.0566311260,0.0010876941,2025-11-06 11:26:52
ROCm (hiprand unoptimized),1000000,0.4398510980,0.0003026941,2025-11-06 11:26:52
ROCm (hiprand unoptimized),10000000,4.5250238750,0.0000676941,2025-11-06 11:26:52
ROCm (hiprand unoptimized),100000000,50.1700821000,0.0000694541,2025-11-06 11:26:52
ROCm (hiprand unoptimized),1000000000,558.0158274780,0.0000272371,2025-11-06 11:26:52
ROCm (rocrand unoptimized),1000,0.0002350420,0.0176976941,2025-11-06 11:26:52
ROCm (rocrand unoptimized),10000,0.0002477520,0.0011976941,2025-11-06 11:26:52
ROCm (rocrand unoptimized),100000,0.0007684860,0.0023423059,2025-11-06 11:26:52
ROCm (rocrand unoptimized),1000000,0.0064957940,0.0008533059,2025-11-06 11:26:52
ROCm (rocrand unoptimized),10000000,0.0498739300,0.0000672059,2025-11-06 11:26:52
ROCm (rocrand unoptimized),100000000,0.4948491360,0.0000282059,2025-11-06 11:26:52
ROCm (rocrand unoptimized),1000000000,4.9316260480,0.0000106341,2025-11-06 11:26:52
ROCm (hiprand),1000,0.0002010720,0.0026976941,2025-11-07 06:59:37
ROCm (hiprand),10000,0.0001874710,0.0010976941,2025-11-07 06:59:37
ROCm (hiprand),100000,0.0002565420,0.0023223059,2025-11-07 06:59:37
ROCm (hiprand),1000000,0.0014712710,0.0000553059,2025-11-07 06:59:37
ROCm (hiprand),10000000,0.0136020700,0.0001344059,2025-11-07 06:59:37
ROCm (hiprand),100000000,0.1499195380,0.0000005559,2025-11-07 06:59:37
ROCm (hiprand),1000000000,1.6353242600,0.0000035459,2025-11-07 06:59:37
ROCm (rocrand),1000,0.0000458400,0.0286976941,2025-11-07 06:59:37
ROCm (rocrand),10000,0.0000419200,0.0002023059,2025-11-07 06:59:37
ROCm (rocrand),100000,0.0000462200,0.0004276941,2025-11-07 06:59:37
ROCm (rocrand),1000000,0.0001823810,0.0006693059,2025-11-07 06:59:37
ROCm (rocrand),10000000,0.0015430710,0.0000890059,2025-11-07 06:59:37
ROCm (rocrand),100000000,0.0141044740,0.0000156941,2025-11-07 06:59:37
ROCm (rocrand),1000000000,0.1406610980,0.0000212399,2025-11-07 06:59:37
ROCm + OpenMP (no UPM),1000,0.0001453510,0.0006976941,2025-11-07 06:59:37
ROCm + OpenMP (no UPM),10000,0.0001058900,0.0000023059,2025-11-07 06:59:37
ROCm + OpenMP (no UPM),100000,0.0002495020,0.0000276941,2025-11-07 06:59:37
ROCm + OpenMP (no UPM),1000000,0.0005290740,0.0000026941,2025-11-07 06:59:37
ROCm + OpenMP (no UPM),10000000,0.0044583230,0.0000050059,2025-11-07 06:59:37
ROCm + OpenMP (no UPM),100000000,0.0442025860,0.0000007759,2025-11-07 06:59:37
ROCm + OpenMP (no UPM),1000000000,0.4147926890,0.0000000509,2025-11-07 06:59:37
ROCm (hiprand),1000,0.0002007110,0.0143023059,2025-11-07 07:02:36
ROCm (hiprand),10000,0.0001875020,0.0064023059,2025-11-07 07:02:36
ROCm (hiprand),100000,0.0002571020,0.0016876941,2025-11-07 07:02:36
ROCm (hiprand),1000000,0.0014755100,0.0001806941,2025-11-07 07:02:36
ROCm (hiprand),10000000,0.0136468800,0.0002331941,2025-11-07 07:02:36
ROCm (hiprand),100000000,0.1502219780,0.0000535359,2025-11-07 07:02:36
ROCm (hiprand),1000000000,1.6386994250,0.0000257069,2025-11-07 07:02:36
ROCm (rocrand),1000,0.0000420700,0.0136976941,2025-11-07 07:02:36
ROCm (rocrand),10000,0.0000371900,0.0027976941,2025-11-07 07:02:36
ROCm (rocrand),100000,0.0000452700,0.0011623059,2025-11-07 07:02:36
ROCm (rocrand),1000000,0.0001744210,0.0003796941,2025-11-07 07:02:36
ROCm (rocrand),10000000,0.0015163920,0.0001830059,2025-11-07 07:02:36
ROCm (rocrand),100000000,0.0140979340,0.0000781059,2025-11-07 07:02:36
ROCm (rocrand),1000000000,0.1406623970,0.0000125109,2025-11-07 07:02:36
ROCm + OpenMP (no UPM),1000,0.0001617220,0.0003023059,2025-11-07 07:02:36
ROCm + OpenMP (no UPM),10000,0.0001210400,0.0007023059,2025-11-07 07:02:36
ROCm + OpenMP (no UPM),100000,0.0002936820,0.0002223059,2025-11-07 07:02:36
ROCm + OpenMP (no UPM),1000000,0.0005370240,0.0000226941,2025-11-07 07:02:36
ROCm + OpenMP (no UPM),10000000,0.0043548520,0.0000011941,2025-11-07 07:02:36
ROCm + OpenMP (no UPM),100000000,0.0445119890,0.0000003341,2025-11-07 07:02:36
ROCm + OpenMP (no UPM),1000000000,0.4152544720,0.0000000551,2025-11-07 07:02:36
ROCm (hiprand),1000,0.0002013820,0.0056976941,2025-11-07 07:07:18
ROCm (hiprand),10000,0.0001832310,0.0043976941,2025-11-07 07:07:18
ROCm (hiprand),100000,0.0002541720,0.0019576941,2025-11-07 07:07:18
ROCm (hiprand),1000000,0.0015017010,0.0003053059,2025-11-07 07:07:18
ROCm (hiprand),10000000,0.0136448600,0.0000730059,2025-11-07 07:07:18
ROCm (hiprand),100000000,0.1492377750,0.0000008359,2025-11-07 07:07:18
ROCm (hiprand),1000000000,1.6305804640,0.0000059499,2025-11-07 07:07:18
ROCm (rocrand),1000,0.0000419500,0.0323023059,2025-11-07 07:07:18
ROCm (rocrand),10000,0.0000346300,0.0015023059,2025-11-07 07:07:18
ROCm (rocrand),100000,0.0000446700,0.0004976941,2025-11-07 07:07:18
ROCm (rocrand),1000000,0.0001820920,0.0005866941,2025-11-07 07:07:18
ROCm (rocrand),10000000,0.0015480210,0.0001032059,2025-11-07 07:07:18
ROCm (rocrand),100000000,0.0141033740,0.0000016441,2025-11-07 07:07:18
ROCm (rocrand),1000000000,0.1406587920,0.0000024101,2025-11-07 07:07:18
ROCm + OpenMP (no UPM),1000,0.0001537210,0.0026976941,2025-11-07 07:07:18
ROCm + OpenMP (no UPM),10000,0.0001266410,0.0003976941,2025-11-07 07:07:18
ROCm + OpenMP (no UPM),100000,0.0002503420,0.0000623059,2025-11-07 07:07:18
ROCm + OpenMP (no UPM),1000000,0.0005312440,0.0000253059,2025-11-07 07:07:18
ROCm + OpenMP (no UPM),10000000,0.0044681530,0.0000074941,2025-11-07 07:07:18
ROCm + OpenMP (no UPM),100000000,0.0423502610,0.0000002059,2025-11-07 07:07:18
ROCm + OpenMP (no UPM),1000000000,0.4132143810,0.0000001581,2025-11-07 07:07:18
ROCm (hiprand),1000,0.0001966610,0.0173023059,2025-11-07 07:09:32
ROCm (hiprand),10000,0.0001875310,0.0019023059,2025-11-07 07:09:32
ROCm (hiprand),100000,0.0002524520,0.0003876941,2025-11-07 07:09:32
ROCm (hiprand),1000000,0.0015110320,0.0007616941,2025-11-07 07:09:32
ROCm (hiprand),10000000,0.0136483360,0.0003100941,2025-11-07 07:09:32
ROCm (hiprand),100000000,0.1503903380,0.0001548541,2025-11-07 07:09:32
ROCm (hiprand),1000000000,1.6384176730,0.0000182601,2025-11-07 07:09:32
ROCm (rocrand),1000,0.0000368300,0.0026976941,2025-11-07 07:09:32
ROCm (rocrand),10000,0.0000354200,0.0010023059,2025-11-07 07:09:32
ROCm (rocrand),100000,0.0000436700,0.0029723059,2025-11-07 07:09:32
ROCm (rocrand),1000000,0.0001732710,0.0005213059,2025-11-07 07:09:32
ROCm (rocrand),10000000,0.0015095620,0.0000212941,2025-11-07 07:09:32
ROCm (rocrand),100000000,0.0140969690,0.0000140059,2025-11-07 07:09:32
ROCm (rocrand),1000000000,0.1406628410,0.0000022679,2025-11-07 07:09:32
ROCm + OpenMP (no UPM),1000,0.0001400810,0.0036976941,2025-11-07 07:09:32
ROCm + OpenMP (no UPM),10000,0.0001254710,0.0001976941,2025-11-07 07:09:32
ROCm + OpenMP (no UPM),100000,0.0002483020,0.0000776941,2025-11-07 07:09:32
ROCm + OpenMP (no UPM),1000000,0.0005306940,0.0000196941,2025-11-07 07:09:32
ROCm + OpenMP (no UPM),10000000,0.0042669620,0.0000025941,2025-11-07 07:09:32
ROCm + OpenMP (no UPM),100000000,0.0422916430,0.0000006441,2025-11-07 07:09:32
ROCm + OpenMP (no UPM),1000000000,0.4150672140,0.0000001211,2025-11-07 07:09:32
ROCm (hiprand),1000,0.0001981910,0.0026976941,2025-11-07 07:11:47
ROCm (hiprand),10000,0.0001908210,0.0166023059,2025-11-07 07:11:47
ROCm (hiprand),100000,0.0002579420,0.0025923059,2025-11-07 07:11:47
ROCm (hiprand),1000000,0.0015325810,0.0002763059,2025-11-07 07:11:47
ROCm (hiprand),10000000,0.0136529620,0.0000976059,2025-11-07 07:11:47
ROCm (hiprand),100000000,0.1499050790,0.0000502459,2025-11-07 07:11:47
ROCm (hiprand),1000000000,1.6333819810,0.0000172229,2025-11-07 07:11:47
ROCm (rocrand),1000,0.0000408400,0.0093023059,2025-11-07 07:11:47
ROCm (rocrand),10000,0.0000373810,0.0077023059,2025-11-07 07:11:47
ROCm (rocrand),100000,0.0000455500,0.0007823059,2025-11-07 07:11:47
ROCm (rocrand),1000000,0.0001837010,0.0002616941,2025-11-07 07:11:47
ROCm (rocrand),10000000,0.0015335010,0.0001906941,2025-11-07 07:11:47
ROCm (rocrand),100000000,0.0141005760,0.0000127941,2025-11-07 07:11:47
ROCm (rocrand),1000000000,0.1406588500,0.0000114511,2025-11-07 07:11:47
ROCm + OpenMP (no UPM),1000,0.0001473810,0.0033023059,2025-11-07 07:11:47
ROCm + OpenMP (no UPM),10000,0.0001209510,0.0002976941,2025-11-07 07:11:47
ROCm + OpenMP (no UPM),100000,0.0002240220,0.0001123059,2025-11-07 07:11:47
ROCm + OpenMP (no UPM),1000000,0.0005351940,0.0000176941,2025-11-07 07:11:47
ROCm + OpenMP (no UPM),10000000,0.0042679320,0.0000063059,2025-11-07 07:11:47
ROCm + OpenMP (no UPM),100000000,0.0422669150,0.0000003441,2025-11-07 07:11:47
ROCm + OpenMP (no UPM),1000000000,0.4151346180,0.0000001501,2025-11-07 07:11:47
ROCm (hiprand),1000,0.0002077810,0.0026976941,2025-11-07 07:14:02
ROCm (hiprand),10000,0.0001915920,0.0048023059,2025-11-07 07:14:02
ROCm (hiprand),100000,0.0002588420,0.0005476941,2025-11-07 07:14:02
ROCm (hiprand),1000000,0.0015169610,0.0000916941,2025-11-07 07:14:02
ROCm (hiprand),10000000,0.0136318120,0.0002447059,2025-11-07 07:14:02
ROCm (hiprand),100000000,0.1504986730,0.0000612741,2025-11-07 07:14:02
ROCm (hiprand),1000000000,1.6421559390,0.0000028601,2025-11-07 07:14:02
ROCm (rocrand),1000,0.0000522910,0.0223023059,2025-11-07 07:14:02
ROCm (rocrand),10000,0.0000390910,0.0106023059,2025-11-07 07:14:02
ROCm (rocrand),100000,0.0000467310,0.0008823059,2025-11-07 07:14:02
ROCm (rocrand),1000000,0.0001759020,0.0002763059,2025-11-07 07:14:02
ROCm (rocrand),10000000,0.0015058610,0.0001294941,2025-11-07 07:14:02
ROCm (rocrand),100000000,0.0140960150,0.0000957541,2025-11-07 07:14:02
ROCm (rocrand),1000000000,0.1406612490,0.0000250611,2025-11-07 07:14:02
ROCm + OpenMP (no UPM),1000,0.0001620010,0.0003023059,2025-11-07 07:14:02
ROCm + OpenMP (no UPM),10000,0.0001230810,0.0005023059,2025-11-07 07:14:02
ROCm + OpenMP (no UPM),100000,0.0002502120,0.0000723059,2025-11-07 07:14:02
ROCm + OpenMP (no UPM),1000000,0.0005268040,0.0000153059,2025-11-07 07:14:02
ROCm + OpenMP (no UPM),10000000,0.0044696630,0.0000027059,2025-11-07 07:14:02
ROCm + OpenMP (no UPM),100000000,0.0444790420,0.0000009941,2025-11-07 07:14:02
ROCm + OpenMP (no UPM),1000000000,0.4125404170,0.0000001101,2025-11-07 07:14:02
ROCm (hiprand),1000,0.0001959720,0.0103023059,2025-11-07 07:16:17
ROCm (hiprand),10000,0.0001855010,0.0027023059,2025-11-07 07:16:17
ROCm (hiprand),100000,0.0002528020,0.0016223059,2025-11-07 07:16:17
ROCm (hiprand),1000000,0.0015094620,0.0000803059,2025-11-07 07:16:17
ROCm (hiprand),10000000,0.0136029230,0.0001458941,2025-11-07 07:16:17
ROCm (hiprand),100000000,0.1499294780,0.0000696241,2025-11-07 07:16:17
ROCm (hiprand),1000000000,1.6333942770,0.0000032531,2025-11-07 07:16:17
ROCm (rocrand),1000,0.0000411010,0.0093023059,2025-11-07 07:16:17
ROCm (rocrand),10000,0.0000357800,0.0004976941,2025-11-07 07:16:17
ROCm (rocrand),100000,0.0000449410,0.0012423059,2025-11-07 07:16:17
ROCm (rocrand),1000000,0.0001738610,0.0001773059,2025-11-07 07:16:17
ROCm (rocrand),10000000,0.0015155520,0.0001497059,2025-11-07 07:16:17
ROCm (rocrand),100000000,0.0141018970,0.0000834259,2025-11-07 07:16:17
ROCm (rocrand),1000000000,0.1406638400,0.0000030651,2025-11-07 07:16:17
ROCm + OpenMP (no UPM),1000,0.0001354910,0.0003023059,2025-11-07 07:16:17
ROCm + OpenMP (no UPM),10000,0.0001082110,0.0003976941,2025-11-07 07:16:17
ROCm + OpenMP (no UPM),100000,0.0002107820,0.0000723059,2025-11-07 07:16:17
ROCm + OpenMP (no UPM),1000000,0.0005076340,0.0000256941,2025-11-07 07:16:17
ROCm + OpenMP (no UPM),10000000,0.0044373530,0.0000056941,2025-11-07 07:16:17
ROCm + OpenMP (no UPM),100000000,0.0424508370,0.0000005841,2025-11-07 07:16:17
ROCm + OpenMP (no UPM),1000000000,0.4132234760,0.0000001361,2025-11-07 07:16:17
ROCm (hiprand),1000,0.0002028010,0.0046976941,2025-11-07 07:18:31
ROCm (hiprand),10000,0.0001993310,0.0018023059,2025-11-07 07:18:31
ROCm (hiprand),100000,0.0002564820,0.0007223059,2025-11-07 07:18:31
ROCm (hiprand),1000000,0.0014430010,0.0007766941,2025-11-07 07:18:31
ROCm (hiprand),10000000,0.0136420630,0.0002648941,2025-11-07 07:18:31
ROCm (hiprand),100000000,0.1501104770,0.0000142259,2025-11-07 07:18:31
ROCm (hiprand),1000000000,1.6376209330,0.0000025569,2025-11-07 07:18:31
ROCm (rocrand),1000,0.0000479810,0.0426976941,2025-11-07 07:18:31
ROCm (rocrand),10000,0.0000443810,0.0032976941,2025-11-07 07:18:31
ROCm (rocrand),100000,0.0000468410,0.0013223059,2025-11-07 07:18:31
ROCm (rocrand),1000000,0.0001827610,0.0000736941,2025-11-07 07:18:31
ROCm (rocrand),10000000,0.0015261710,0.0002275059,2025-11-07 07:18:31
ROCm (rocrand),100000000,0.0140982660,0.0000192259,2025-11-07 07:18:31
ROCm (rocrand),1000000000,0.1406604460,0.0000037789,2025-11-07 07:18:31
ROCm + OpenMP (no UPM),1000,0.0001610010,0.0026976941,2025-11-07 07:18:31
ROCm + OpenMP (no UPM),10000,0.0001230510,0.0000976941,2025-11-07 07:18:31
ROCm + OpenMP (no UPM),100000,0.0002245810,0.0000876941,2025-11-07 07:18:31
ROCm + OpenMP (no UPM),1000000,0.0005452340,0.0000306941,2025-11-07 07:18:31
ROCm + OpenMP (no UPM),10000000,0.0044808240,0.0000031059,2025-11-07 07:18:31
ROCm + OpenMP (no UPM),100000000,0.0432707640,0.0000006141,2025-11-07 07:18:31
ROCm + OpenMP (no UPM),1000000000,0.4141474790,0.0000000481,2025-11-07 07:18:31
ROCm (hiprand),1000,0.0001966720,0.0036976941,2025-11-07 07:20:46
ROCm (hiprand),10000,0.0001882710,0.0040023059,2025-11-07 07:20:46
ROCm (hiprand),100000,0.0002550120,0.0033676941,2025-11-07 07:20:46
ROCm (hiprand),1000000,0.0014539220,0.0007726941,2025-11-07 07:20:46
ROCm (hiprand),10000000,0.0136288330,0.0000014059,2025-11-07 07:20:46
ROCm (hiprand),100000000,0.1497742820,0.0000255841,2025-11-07 07:20:46
ROCm (hiprand),1000000000,1.6335039380,0.0000061489,2025-11-07 07:20:46
ROCm (rocrand),1000,0.0000506500,0.0136976941,2025-11-07 07:20:46
ROCm (rocrand),10000,0.0000368000,0.0020976941,2025-11-07 07:20:46
ROCm (rocrand),100000,0.0000477700,0.0016623059,2025-11-07 07:20:46
ROCm (rocrand),1000000,0.0001821610,0.0001996941,2025-11-07 07:20:46
ROCm (rocrand),10000000,0.0015245410,0.0002057059,2025-11-07 07:20:46
ROCm (rocrand),100000000,0.0140973860,0.0000541159,2025-11-07 07:20:46
ROCm (rocrand),1000000000,0.1406616720,0.0000001859,2025-11-07 07:20:46
ROCm + OpenMP (no UPM),1000,0.0001369810,0.0013023059,2025-11-07 07:20:46
ROCm + OpenMP (no UPM),10000,0.0001072710,0.0008976941,2025-11-07 07:20:46
ROCm + OpenMP (no UPM),100000,0.0002091920,0.0000723059,2025-11-07 07:20:46
ROCm + OpenMP (no UPM),1000000,0.0005324950,0.0000063059,2025-11-07 07:20:46
ROCm + OpenMP (no UPM),10000000,0.0044576430,0.0000017059,2025-11-07 07:20:46
ROCm + OpenMP (no UPM),100000000,0.0439774220,0.0000000741,2025-11-07 07:20:46
ROCm + OpenMP (no UPM),1000000000,0.4163868350,0.0000000231,2025-11-07 07:20:46
ROCm (hiprand),1000,0.0002020220,0.0166976941,2025-11-07 07:23:01
ROCm (hiprand),10000,0.0001924120,0.0030023059,2025-11-07 07:23:01
ROCm (hiprand),100000,0.0002563020,0.0020523059,2025-11-07 07:23:01
ROCm (hiprand),1000000,0.0015124220,0.0009023059,2025-11-07 07:23:01
ROCm (hiprand),10000000,0.0136385630,0.0000173059,2025-11-07 07:23:01
ROCm (hiprand),100000000,0.1500627370,0.0000470559,2025-11-07 07:23:01
ROCm (hiprand),1000000000,1.6379858130,0.0000246979,2025-11-07 07:23:01
ROCm (rocrand),1000,0.0000423700,0.0013023059,2025-11-07 07:23:01
ROCm (rocrand),10000,0.0000395900,0.0032023059,2025-11-07 07:23:01
ROCm (rocrand),100000,0.0000495700,0.0003123059,2025-11-07 07:23:01
ROCm (rocrand),1000000,0.0001784910,0.0000136941,2025-11-07 07:23:01
ROCm (rocrand),10000000,0.0015118810,0.0000325941,2025-11-07 07:23:01
ROCm (rocrand),100000000,0.0140963270,0.0000278059,2025-11-07 07:23:01
ROCm (rocrand),1000000000,0.1406658760,0.0000068801,2025-11-07 07:23:01
ROCm + OpenMP (no UPM),1000,0.0001545410,0.0043023059,2025-11-07 07:23:01
ROCm + OpenMP (no UPM),10000,0.0001198610,0.0002023059,2025-11-07 07:23:01
ROCm + OpenMP (no UPM),100000,0.0002261620,0.0000476941,2025-11-07 07:23:01
ROCm + OpenMP (no UPM),1000000,0.0005404040,0.0000376941,2025-11-07 07:23:01
ROCm + OpenMP (no UPM),10000000,0.0044749440,0.0000083059,2025-11-07 07:23:01
ROCm + OpenMP (no UPM),100000000,0.0428315840,0.0000004441,2025-11-07 07:23:01
ROCm + OpenMP (no UPM),1000000000,0.4141624790,0.0000000221,2025-11-07 07:23:01
ROCm (hiprand),1000,0.0001961710,0.0286976941,2025-11-07 07:25:16
ROCm (hiprand),10000,0.0001850110,0.0128976941,2025-11-07 07:25:16
ROCm (hiprand),100000,0.0002514820,0.0001023059,2025-11-07 07:25:16
ROCm (hiprand),1000000,0.0014906210,0.0005226941,2025-11-07 07:25:16
ROCm (hiprand),10000000,0.0137423440,0.0000905059,2025-11-07 07:25:16
ROCm (hiprand),100000000,0.1506368640,0.0000512259,2025-11-07 07:25:16
ROCm (hiprand),1000000000,1.6409392280,0.0000006449,2025-11-07 07:25:16
ROCm (rocrand),1000,0.0000411700,0.0036976941,2025-11-07 07:25:16
ROCm (rocrand),10000,0.0000404400,0.0029976941,2025-11-07 07:25:16
ROCm (rocrand),100000,0.0000454610,0.0005776941,2025-11-07 07:25:16
ROCm (rocrand),1000000,0.0001820320,0.0002896941,2025-11-07 07:25:16
ROCm (rocrand),10000000,0.0015328510,0.0000145941,2025-11-07 07:25:16
ROCm (rocrand),100000000,0.0140976670,0.0000318459,2025-11-07 07:25:16
ROCm (rocrand),1000000000,0.1406586480,0.0000049309,2025-11-07 07:25:16
ROCm + OpenMP (no UPM),1000,0.0001541620,0.0003023059,2025-11-07 07:25:16
ROCm + OpenMP (no UPM),10000,0.0001253010,0.0004023059,2025-11-07 07:25:16
ROCm + OpenMP (no UPM),100000,0.0002350320,0.0000523059,2025-11-07 07:25:16
ROCm + OpenMP (no UPM),1000000,0.0005564240,0.0000153059,2025-11-07 07:25:16
ROCm + OpenMP (no UPM),10000000,0.0044703140,0.0000005059,2025-11-07 07:25:16
ROCm + OpenMP (no UPM),100000000,0.0439767540,0.0000003641,2025-11-07 07:25:16
ROCm + OpenMP (no UPM),1000000000,0.4162840090,0.0000000271,2025-11-07 07:25:16
ROCm (hiprand),1000,0.0001975910,0.0206976941,2025-11-07 07:27:30
ROCm (hiprand),10000,0.0001891010,0.0004023059,2025-11-07 07:27:30
ROCm (hiprand),100000,0.0002606420,0.0008876941,2025-11-07 07:27:30
ROCm (hiprand),1000000,0.0015038610,0.0005323059,2025-11-07 07:27:30
ROCm (hiprand),10000000,0.0136237430,0.0000090941,2025-11-07 07:27:30
ROCm (hiprand),100000000,0.1500418880,0.0000597641,2025-11-07 07:27:30
ROCm (hiprand),1000000000,1.6356640620,0.0000048741,2025-11-07 07:27:30
ROCm (rocrand),1000,0.0000419200,0.0286976941,2025-11-07 07:27:30
ROCm (rocrand),10000,0.0000437000,0.0029976941,2025-11-07 07:27:30
ROCm (rocrand),100000,0.0000475110,0.0017576941,2025-11-07 07:27:30
ROCm (rocrand),1000000,0.0001893220,0.0003876941,2025-11-07 07:27:30
ROCm (rocrand),10000000,0.0015299620,0.0002850059,2025-11-07 07:27:30
ROCm (rocrand),100000000,0.0141005360,0.0000149959,2025-11-07 07:27:30
ROCm (rocrand),1000000000,0.1406624890,0.0000119041,2025-11-07 07:27:30
ROCm + OpenMP (no UPM),1000,0.0001424110,0.0016976941,2025-11-07 07:27:30
ROCm + OpenMP (no UPM),10000,0.0001285410,0.0004023059,2025-11-07 07:27:30
ROCm + OpenMP (no UPM),100000,0.0002167820,0.0000676941,2025-11-07 07:27:30
ROCm + OpenMP (no UPM),1000000,0.0005314440,0.0000006941,2025-11-07 07:27:30
ROCm + OpenMP (no UPM),10000000,0.0042823520,0.0000057059,2025-11-07 07:27:30
ROCm + OpenMP (no UPM),100000000,0.0421076300,0.0000008141,2025-11-07 07:27:30
ROCm + OpenMP (no UPM),1000000000,0.4137888850,0.0000000531,2025-11-07 07:27:30
ROCm + OpenMP,1000,0.0001390410,0.0026976941,2025-11-07 07:29:30
ROCm + OpenMP,10000,0.0000385410,0.0140023059,2025-11-07 07:29:30
ROCm + OpenMP,100000,0.0000881210,0.0013723059,2025-11-07 07:29:30
ROCm + OpenMP,1000000,0.0003688930,0.0000976941,2025-11-07 07:29:30
ROCm + OpenMP,10000000,0.0035463470,0.0000108941,2025-11-07 07:29:30
ROCm + OpenMP,100000000,0.0287590980,0.0000004141,2025-11-07 07:29:30
ROCm + OpenMP,1000000000,0.2750412700,0.0000001371,2025-11-07 07:29:30
ROCm + OpenMP,1000,0.0001300810,0.0003023059,2025-11-07 07:29:46
ROCm + OpenMP,10000,0.0000488900,0.0150023059,2025-11-07 07:29:46
ROCm + OpenMP,100000,0.0000843600,0.0012823059,2025-11-07 07:29:46
ROCm + OpenMP,1000000,0.0003713630,0.0001633059,2025-11-07 07:29:46
ROCm + OpenMP,10000000,0.0035529970,0.0000001941,2025-11-07 07:29:46
ROCm + OpenMP,100000000,0.0285473460,0.0000001541,2025-11-07 07:29:46
ROCm + OpenMP,1000000000,0.2764502270,0.0000000009,2025-11-07 07:29:46
ROCm + OpenMP,1000,0.0001328410,0.0013023059,2025-11-07 07:30:01
ROCm + OpenMP,10000,0.0000489200,0.0117976941,2025-11-07 07:30:01
ROCm + OpenMP,100000,0.0000845710,0.0011476941,2025-11-07 07:30:01
ROCm + OpenMP,1000000,0.0003642630,0.0000063059,2025-11-07 07:30:01
ROCm + OpenMP,10000000,0.0035294170,0.0000014941,2025-11-07 07:30:01
ROCm + OpenMP,100000000,0.0286791080,0.0000012059,2025-11-07 07:30:01
ROCm + OpenMP,1000000000,0.2751929170,0.0000001039,2025-11-07 07:30:01
ROCm + OpenMP,1000,0.0001483610,0.0023023059,2025-11-07 07:30:17
ROCm + OpenMP,10000,0.0000339000,0.0140023059,2025-11-07 07:30:17
ROCm + OpenMP,100000,0.0000814010,0.0012923059,2025-11-07 07:30:17
ROCm + OpenMP,1000000,0.0004564940,0.0002566941,2025-11-07 07:30:17
ROCm + OpenMP,10000000,0.0036550980,0.0000039059,2025-11-07 07:30:17
ROCm + OpenMP,100000000,0.0288876790,0.0000011141,2025-11-07 07:30:17
ROCm + OpenMP,1000000000,0.2771887420,0.0000000591,2025-11-07 07:30:17
ROCm + OpenMP,1000,0.0001462910,0.0013023059,2025-11-07 07:30:32
ROCm + OpenMP,10000,0.0000455600,0.0131023059,2025-11-07 07:30:32
ROCm + OpenMP,100000,0.0000792210,0.0013223059,2025-11-07 07:30:32
ROCm + OpenMP,1000000,0.0003648220,0.0000153059,2025-11-07 07:30:32
ROCm + OpenMP,10000000,0.0036119380,0.0000098059,2025-11-07 07:30:32
ROCm + OpenMP,100000000,0.0290941010,0.0000000641,2025-11-07 07:30:32
ROCm + OpenMP,1000000000,0.2752520880,0.0000000261,2025-11-07 07:30:32
ROCm + OpenMP,1000,0.0001302810,0.0023023059,2025-11-07 07:30:47
ROCm + OpenMP,10000,0.0000249210,0.0121976941,2025-11-07 07:30:47
ROCm + OpenMP,100000,0.0000638210,0.0019976941,2025-11-07 07:30:47
ROCm + OpenMP,1000000,0.0003726630,0.0002286941,2025-11-07 07:30:47
ROCm + OpenMP,10000000,0.0035810770,0.0000019059,2025-11-07 07:30:47
ROCm + OpenMP,100000000,0.0292846320,0.0000002241,2025-11-07 07:30:47
ROCm + OpenMP,1000000000,0.2761341840,0.0000000261,2025-11-07 07:30:47
ROCm + OpenMP,1000,0.0001554810,0.0003023059,2025-11-07 07:31:02
ROCm + OpenMP,10000,0.0000409400,0.0134023059,2025-11-07 07:31:02
ROCm + OpenMP,100000,0.0000744500,0.0012323059,2025-11-07 07:31:02
ROCm + OpenMP,1000000,0.0004526340,0.0001906941,2025-11-07 07:31:02
ROCm + OpenMP,10000000,0.0035173870,0.0000092059,2025-11-07 07:31:02
ROCm + OpenMP,100000000,0.0286779180,0.0000010959,2025-11-07 07:31:02
ROCm + OpenMP,1000000000,0.2767271180,0.0000000009,2025-11-07 07:31:02
ROCm + OpenMP,1000,0.0001380410,0.0036976941,2025-11-07 07:31:18
ROCm + OpenMP,10000,0.0000413600,0.0138023059,2025-11-07 07:31:18
ROCm + OpenMP,100000,0.0001030810,0.0015723059,2025-11-07 07:31:18
ROCm + OpenMP,1000000,0.0003738530,0.0001956941,2025-11-07 07:31:18
ROCm + OpenMP,10000000,0.0036504570,0.0000122941,2025-11-07 07:31:18
ROCm + OpenMP,100000000,0.0292170810,0.0000009541,2025-11-07 07:31:18
ROCm + OpenMP,1000000000,0.2739359480,0.0000001371,2025-11-07 07:31:18
ROCm + OpenMP,1000,0.0001385510,0.0073023059,2025-11-07 07:31:33
ROCm + OpenMP,10000,0.0000495100,0.0138023059,2025-11-07 07:31:33
ROCm + OpenMP,100000,0.0000882710,0.0012223059,2025-11-07 07:31:33
ROCm + OpenMP,1000000,0.0003655720,0.0001826941,2025-11-07 07:31:33
ROCm + OpenMP,10000000,0.0036077580,0.0000007941,2025-11-07 07:31:33
ROCm + OpenMP,100000000,0.0291386610,0.0000004341,2025-11-07 07:31:33
ROCm + OpenMP,1000000000,0.2767893790,0.0000000629,2025-11-07 07:31:33
ROCm + OpenMP,1000,0.0001485010,0.0006976941,2025-11-07 07:31:49
ROCm + OpenMP,10000,0.0000421400,0.0000023059,2025-11-07 07:31:49
ROCm + OpenMP,100000,0.0000857700,0.0000223059,2025-11-07 07:31:49
ROCm + OpenMP,1000000,0.0004766940,0.0001243059,2025-11-07 07:31:49
ROCm + OpenMP,10000000,0.0035797870,0.0000074059,2025-11-07 07:31:49
ROCm + OpenMP,100000000,0.0290308590,0.0000007559,2025-11-07 07:31:49
ROCm + OpenMP,1000000000,0.2775554650,0.0000000599,2025-11-07 07:31:49
OpenMP (no UPM),1000,0.0001261010,0.0006976941,2025-11-07 07:39:05
OpenMP (no UPM),10000,0.0000615000,0.0002976941,2025-11-07 07:39:05
OpenMP (no UPM),100000,0.0001492310,0.0000476941,2025-11-07 07:39:05
OpenMP (no UPM),1000000,0.0005605440,0.0000026941,2025-11-07 07:39:05
OpenMP (no UPM),10000000,0.0040221500,0.0000041059,2025-11-07 07:39:05
OpenMP (no UPM),100000000,0.0383946370,0.0000009041,2025-11-07 07:39:05
OpenMP (no UPM),1000000000,0.6600876850,0.0000001421,2025-11-07 07:39:05
OpenMP (no UPM),1000,0.0000752500,0.0006976941,2025-11-07 07:40:29
OpenMP (no UPM),10000,0.0000712410,0.0001023059,2025-11-07 07:40:29
OpenMP (no UPM),100000,0.0001548110,0.0000376941,2025-11-07 07:40:29
OpenMP (no UPM),1000000,0.0005659640,0.0000043059,2025-11-07 07:40:29
OpenMP (no UPM),10000000,0.0039888490,0.0000044941,2025-11-07 07:40:29
OpenMP (no UPM),100000000,0.0384092080,0.0000001559,2025-11-07 07:40:29
OpenMP (no UPM),1000000000,0.6610511540,0.0000002151,2025-11-07 07:40:29
OpenMP (no UPM),1000,0.0000762610,0.0006976941,2025-11-07 07:41:52
OpenMP (no UPM),10000,0.0000697110,0.0009976941,2025-11-07 07:41:52
OpenMP (no UPM),100000,0.0001585810,0.0000376941,2025-11-07 07:41:52
OpenMP (no UPM),1000000,0.0005634040,0.0000246941,2025-11-07 07:41:52
OpenMP (no UPM),10000000,0.0039360790,0.0000003941,2025-11-07 07:41:52
OpenMP (no UPM),100000000,0.0386085300,0.0000002641,2025-11-07 07:41:52
OpenMP (no UPM),1000000000,0.6601668380,0.0000002491,2025-11-07 07:41:52
OpenMP (no UPM),1000,0.0000802100,0.0053023059,2025-11-07 07:43:16
OpenMP (no UPM),10000,0.0000763600,0.0001023059,2025-11-07 07:43:16
OpenMP (no UPM),100000,0.0001570510,0.0000476941,2025-11-07 07:43:16
OpenMP (no UPM),1000000,0.0005629440,0.0000273059,2025-11-07 07:43:16
OpenMP (no UPM),10000000,0.0039939300,0.0000055941,2025-11-07 07:43:16
OpenMP (no UPM),100000000,0.0384037870,0.0000015259,2025-11-07 07:43:16
OpenMP (no UPM),1000000000,0.6599560640,0.0000001151,2025-11-07 07:43:16
OpenMP (no UPM),1000,0.0000780500,0.0046976941,2025-11-07 07:44:40
OpenMP (no UPM),10000,0.0000744610,0.0005023059,2025-11-07 07:44:40
OpenMP (no UPM),100000,0.0001604420,0.0002923059,2025-11-07 07:44:40
OpenMP (no UPM),1000000,0.0005697440,0.0000393059,2025-11-07 07:44:40
OpenMP (no UPM),10000000,0.0040064110,0.0000042059,2025-11-07 07:44:40
OpenMP (no UPM),100000000,0.0384245290,0.0000003241,2025-11-07 07:44:40
OpenMP (no UPM),1000000000,0.6600539360,0.0000001451,2025-11-07 07:44:40
OpenMP (no UPM),1000,0.0000739110,0.0066976941,2025-11-07 07:46:03
OpenMP (no UPM),10000,0.0000746300,0.0004976941,2025-11-07 07:46:03
OpenMP (no UPM),100000,0.0001590010,0.0000323059,2025-11-07 07:46:03
OpenMP (no UPM),1000000,0.0005675840,0.0000363059,2025-11-07 07:46:03
OpenMP (no UPM),10000000,0.0045500840,0.0000114941,2025-11-07 07:46:03
OpenMP (no UPM),100000000,0.0384051490,0.0000004041,2025-11-07 07:46:03
OpenMP (no UPM),1000000000,0.6510950880,0.0000000101,2025-11-07 07:46:03
OpenMP (no UPM),1000,0.0000734710,0.0016976941,2025-11-07 07:47:27
OpenMP (no UPM),10000,0.0000677110,0.0002023059,2025-11-07 07:47:27
OpenMP (no UPM),100000,0.0001612010,0.0000223059,2025-11-07 07:47:27
OpenMP (no UPM),1000000,0.0005717340,0.0000113059,2025-11-07 07:47:27
OpenMP (no UPM),10000000,0.0039990110,0.0000046941,2025-11-07 07:47:27
OpenMP (no UPM),100000000,0.0383954240,0.0000000741,2025-11-07 07:47:27
OpenMP (no UPM),1000000000,0.6614104060,0.0000002351,2025-11-07 07:47:27
OpenMP (no UPM),1000,0.0000699410,0.0016976941,2025-11-07 07:48:50
OpenMP (no UPM),10000,0.0000689510,0.0001976941,2025-11-07 07:48:50
OpenMP (no UPM),100000,0.0001576820,0.0000523059,2025-11-07 07:48:50
OpenMP (no UPM),1000000,0.0005708550,0.0000023059,2025-11-07 07:48:50
OpenMP (no UPM),10000000,0.0040088410,0.0000022941,2025-11-07 07:48:50
OpenMP (no UPM),100000000,0.0384077220,0.0000014759,2025-11-07 07:48:50
OpenMP (no UPM),1000000000,0.6598709770,0.0000000801,2025-11-07 07:48:50
OpenMP (no UPM),1000,0.0000658810,0.0003023059,2025-11-07 07:50:14
OpenMP (no UPM),10000,0.0000687300,0.0002023059,2025-11-07 07:50:14
OpenMP (no UPM),100000,0.0001581320,0.0000823059,2025-11-07 07:50:14
OpenMP (no UPM),1000000,0.0005715850,0.0000303059,2025-11-07 07:50:14
OpenMP (no UPM),10000000,0.0040295630,0.0000022059,2025-11-07 07:50:14
OpenMP (no UPM),100000000,0.0379349000,0.0000005241,2025-11-07 07:50:14
OpenMP (no UPM),1000000000,0.6606048070,0.0000001401,2025-11-07 07:50:14
OpenMP (no UPM),1000,0.0000659100,0.0006976941,2025-11-07 07:51:37
OpenMP (no UPM),10000,0.0000630610,0.0000023059,2025-11-07 07:51:37
OpenMP (no UPM),100000,0.0001522410,0.0000076941,2025-11-07 07:51:37
OpenMP (no UPM),1000000,0.0005650340,0.0000153059,2025-11-07 07:51:37
OpenMP (no UPM),10000000,0.0039892900,0.0000103059,2025-11-07 07:51:37
OpenMP (no UPM),100000000,0.0383735120,0.0000003741,2025-11-07 07:51:37
OpenMP (no UPM),1000000000,0.6513497710,0.0000001371,2025-11-07 07:51:37
OpenMP,1000,0.0000820910,0.0003023059,2025-11-07 07:53:40
OpenMP,10000,0.0000332100,0.0000023059,2025-11-07 07:53:40
OpenMP,100000,0.0001154110,0.0001123059,2025-11-07 07:53:40
OpenMP,1000000,0.0004722240,0.0000193059,2025-11-07 07:53:40
OpenMP,10000000,0.0036163580,0.0000013059,2025-11-07 07:53:40
OpenMP,100000000,0.0271235660,0.0000001859,2025-11-07 07:53:40
OpenMP,1000000000,0.2422806280,0.0000001931,2025-11-07 07:53:40
OpenMP,1000,0.0000402800,0.0003023059,2025-11-07 07:54:48
OpenMP,10000,0.0000348600,0.0002023059,2025-11-07 07:54:48
OpenMP,100000,0.0001153310,0.0000576941,2025-11-07 07:54:48
OpenMP,1000000,0.0004702930,0.0000183059,2025-11-07 07:54:48
OpenMP,10000000,0.0035263760,0.0000003059,2025-11-07 07:54:48
OpenMP,100000000,0.0257232360,0.0000007159,2025-11-07 07:54:48
OpenMP,1000000000,0.2467287080,0.0000000651,2025-11-07 07:54:48
OpenMP,1000,0.0000406700,0.0016976941,2025-11-07 07:55:56
OpenMP,10000,0.0000350900,0.0000976941,2025-11-07 07:55:56
OpenMP,100000,0.0001202910,0.0000476941,2025-11-07 07:55:56
OpenMP,1000000,0.0004537130,0.0000283059,2025-11-07 07:55:56
OpenMP,10000000,0.0034725260,0.0000044059,2025-11-07 07:55:56
OpenMP,100000000,0.0276925810,0.0000005041,2025-11-07 07:55:56
OpenMP,1000000000,0.2468602580,0.0000000259,2025-11-07 07:55:56
OpenMP,1000,0.0000416700,0.0026976941,2025-11-07 07:57:03
OpenMP,10000,0.0000344010,0.0006976941,2025-11-07 07:57:03
OpenMP,100000,0.0001153910,0.0000376941,2025-11-07 07:57:03
OpenMP,1000000,0.0004828740,0.0000276941,2025-11-07 07:57:03
OpenMP,10000000,0.0034719970,0.0000061059,2025-11-07 07:57:03
OpenMP,100000000,0.0257519730,0.0000012041,2025-11-07 07:57:03
OpenMP,1000000000,0.2435376660,0.0000002011,2025-11-07 07:57:03
OpenMP,1000,0.0000401500,0.0023023059,2025-11-07 07:58:11
OpenMP,10000,0.0000342800,0.0004023059,2025-11-07 07:58:11
OpenMP,100000,0.0001174910,0.0002123059,2025-11-07 07:58:11
OpenMP,1000000,0.0004629930,0.0000076941,2025-11-07 07:58:11
OpenMP,10000000,0.0035051070,0.0000045941,2025-11-07 07:58:11
OpenMP,100000000,0.0257314160,0.0000011859,2025-11-07 07:58:11
OpenMP,1000000000,0.2474384360,0.0000000631,2025-11-07 07:58:11
OpenMP,1000,0.0000403800,0.0043023059,2025-11-07 07:59:19
OpenMP,10000,0.0000346610,0.0003976941,2025-11-07 07:59:19
OpenMP,100000,0.0001181010,0.0000323059,2025-11-07 07:59:19
OpenMP,1000000,0.0004504940,0.0000173059,2025-11-07 07:59:19
OpenMP,10000000,0.0035345480,0.0000066941,2025-11-07 07:59:19
OpenMP,100000000,0.0257370710,0.0000012459,2025-11-07 07:59:19
OpenMP,1000000000,0.2411750940,0.0000000581,2025-11-07 07:59:19
OpenMP,1000,0.0000381600,0.0013023059,2025-11-07 08:00:27
OpenMP,10000,0.0000327300,0.0008976941,2025-11-07 08:00:27
OpenMP,100000,0.0001092710,0.0000076941,2025-11-07 08:00:27
OpenMP,1000000,0.0004758840,0.0000066941,2025-11-07 08:00:27
OpenMP,10000000,0.0034949870,0.0000029059,2025-11-07 08:00:27
OpenMP,100000000,0.0256641970,0.0000011441,2025-11-07 08:00:27
OpenMP,1000000000,0.2440276810,0.0000001531,2025-11-07 08:00:27
OpenMP,1000,0.0000401200,0.0036976941,2025-11-07 08:01:35
OpenMP,10000,0.0000349710,0.0002023059,2025-11-07 08:01:35
OpenMP,100000,0.0001120210,0.0001176941,2025-11-07 08:01:35
OpenMP,1000000,0.0004771840,0.0000393059,2025-11-07 08:01:35
OpenMP,10000000,0.0035158670,0.0000040059,2025-11-07 08:01:35
OpenMP,100000000,0.0256833270,0.0000010359,2025-11-07 08:01:35
OpenMP,1000000000,0.2466887090,0.0000000511,2025-11-07 08:01:35
OpenMP,1000,0.0000387200,0.0013023059,2025-11-07 08:02:43
OpenMP,10000,0.0000333400,0.0008023059,2025-11-07 08:02:43
OpenMP,100000,0.0001144410,0.0001223059,2025-11-07 08:02:43
OpenMP,1000000,0.0004773240,0.0000286941,2025-11-07 08:02:43
OpenMP,10000000,0.0034838580,0.0000082059,2025-11-07 08:02:43
OpenMP,100000000,0.0256407130,0.0000004059,2025-11-07 08:02:43
OpenMP,1000000000,0.2444511160,0.0000000069,2025-11-07 08:02:43
OpenMP,1000,0.0000433100,0.0026976941,2025-11-07 08:03:50
OpenMP,10000,0.0000345500,0.0002976941,2025-11-07 08:03:50
OpenMP,100000,0.0001190610,0.0000976941,2025-11-07 08:03:50
OpenMP,1000000,0.0004510930,0.0000223059,2025-11-07 08:03:50
OpenMP,10000000,0.0034974470,0.0000050941,2025-11-07 08:03:50
OpenMP,100000000,0.0252517840,0.0000004241,2025-11-07 08:03:50
OpenMP,1000000000,0.2449254070,0.0000002031,2025-11-07 08:03:50
Kokkos,1000,0.0000683510,0.0016976941,2025-11-07 08:10:01
Kokkos,10000,0.0000417900,0.0033976941,2025-11-07 08:10:01
Kokkos,100000,0.0001014900,0.0003676941,2025-11-07 08:10:01
Kokkos,1000000,0.0005535440,0.0002676941,2025-11-07 08:10:01
Kokkos,10000000,0.0046850260,0.0001446059,2025-11-07 08:10:01
Kokkos,100000000,0.0445266400,0.0000751641,2025-11-07 08:10:01
Kokkos,1000000000,0.4432264240,0.0000082039,2025-11-07 08:10:01
Kokkos,1000,0.0000522300,0.0013023059,2025-11-07 08:11:46
Kokkos,10000,0.0000419300,0.0034023059,2025-11-07 08:11:46
Kokkos,100000,0.0001025600,0.0015976941,2025-11-07 08:11:46
Kokkos,1000000,0.0005521340,0.0001726941,2025-11-07 08:11:46
Kokkos,10000000,0.0046831940,0.0001526941,2025-11-07 08:11:46
Kokkos,100000000,0.0443977190,0.0000107341,2025-11-07 08:11:46
Kokkos,1000000000,0.4420097070,0.0000153309,2025-11-07 08:11:46
Kokkos,1000,0.0000511900,0.0073023059,2025-11-07 08:13:31
Kokkos,10000,0.0000416000,0.0004023059,2025-11-07 08:13:31
Kokkos,100000,0.0001029710,0.0013676941,2025-11-07 08:13:31
Kokkos,1000000,0.0005511340,0.0002583059,2025-11-07 08:13:31
Kokkos,10000000,0.0046914940,0.0001324941,2025-11-07 08:13:31
Kokkos,100000000,0.0445630090,0.0000868641,2025-11-07 08:13:31
Kokkos,1000000000,0.4431920640,0.0000313541,2025-11-07 08:13:31
Kokkos,1000,0.0000591300,0.0016976941,2025-11-07 08:15:16
Kokkos,10000,0.0000380300,0.0015023059,2025-11-07 08:15:16
Kokkos,100000,0.0001001900,0.0020523059,2025-11-07 08:15:16
Kokkos,1000000,0.0005400540,0.0003593059,2025-11-07 08:15:16
Kokkos,10000000,0.0046721340,0.0002518941,2025-11-07 08:15:16
Kokkos,100000000,0.0443003980,0.0000606541,2025-11-07 08:15:16
Kokkos,1000000000,0.4414467840,0.0000080019,2025-11-07 08:15:16
Kokkos,1000,0.0000549810,0.0133023059,2025-11-07 08:17:02
Kokkos,10000,0.0000440200,0.0026023059,2025-11-07 08:17:02
Kokkos,100000,0.0000995810,0.0010923059,2025-11-07 08:17:02
Kokkos,1000000,0.0005494940,0.0010483059,2025-11-07 08:17:02
Kokkos,10000000,0.0046954850,0.0004490059,2025-11-07 08:17:02
Kokkos,100000000,0.0444561990,0.0000633059,2025-11-07 08:17:02
Kokkos,1000000000,0.4434210880,0.0000175191,2025-11-07 08:17:02
Kokkos,1000,0.0000517610,0.0196976941,2025-11-07 08:18:46
Kokkos,10000,0.0000438100,0.0029976941,2025-11-07 08:18:46
Kokkos,100000,0.0001013310,0.0000376941,2025-11-07 08:18:46
Kokkos,1000000,0.0005480940,0.0000246941,2025-11-07 08:18:46
Kokkos,10000000,0.0046710440,0.0001773941,2025-11-07 08:18:46
Kokkos,100000000,0.0444685260,0.0000211341,2025-11-07 08:18:46
Kokkos,1000000000,0.4423104950,0.0000023749,2025-11-07 08:18:46
Kokkos,1000,0.0000513100,0.0066976941,2025-11-07 08:20:31
Kokkos,10000,0.0000405800,0.0061023059,2025-11-07 08:20:31
Kokkos,100000,0.0001011910,0.0004723059,2025-11-07 08:20:31
Kokkos,1000000,0.0005485240,0.0005313059,2025-11-07 08:20:31
Kokkos,10000000,0.0046781940,0.0000423941,2025-11-07 08:20:31
Kokkos,100000000,0.0444483680,0.0000380159,2025-11-07 08:20:31
Kokkos,1000000000,0.4426736510,0.0000217461,2025-11-07 08:20:31
Kokkos,1000,0.0000699500,0.0003023059,2025-11-07 08:22:16
Kokkos,10000,0.0000391300,0.0011023059,2025-11-07 08:22:16
Kokkos,100000,0.0001020210,0.0035323059,2025-11-07 08:22:16
Kokkos,1000000,0.0005582840,0.0003063059,2025-11-07 08:22:16
Kokkos,10000000,0.0046803850,0.0000300941,2025-11-07 08:22:16
Kokkos,100000000,0.0444117460,0.0000204741,2025-11-07 08:22:16
Kokkos,1000000000,0.4427829310,0.0000112971,2025-11-07 08:22:16
Kokkos,1000,0.0000531810,0.0003023059,2025-11-07 08:24:01
Kokkos,10000,0.0000425000,0.0030976941,2025-11-07 08:24:01
Kokkos,100000,0.0001040100,0.0018823059,2025-11-07 08:24:01
Kokkos,1000000,0.0005537640,0.0001393059,2025-11-07 08:24:01
Kokkos,10000000,0.0046866950,0.0000524941,2025-11-07 08:24:01
Kokkos,100000000,0.0445131180,0.0000227541,2025-11-07 08:24:01
Kokkos,1000000000,0.4422955770,0.0000178059,2025-11-07 08:24:01
Kokkos,1000,0.0000512600,0.0043023059,2025-11-07 08:25:46
Kokkos,10000,0.0000416810,0.0041976941,2025-11-07 08:25:46
Kokkos,100000,0.0001008200,0.0016076941,2025-11-07 08:25:46
Kokkos,1000000,0.0005520840,0.0004716941,2025-11-07 08:25:46
Kokkos,10000000,0.0046939250,0.0000200941,2025-11-07 08:25:46
Kokkos,100000000,0.0446094770,0.0000704259,2025-11-07 08:25:46
Kokkos,1000000000,0.4440786070,0.0000096581,2025-11-07 08:25:46
